<?xml version="1.0" encoding="UTF-8"?>
<rss xmlns:dc="http://purl.org/dc/elements/1.1/" version="2.0">
<channel>
<title>
<![CDATA[ 조선일보 ]]>
</title>
<link>https://www.chosun.com</link>
<description>
<![CDATA[ 1등 인터넷뉴스 조선닷컴 | 전체기사 ]]>
</description>
<lastBuildDate>Wed, 1 Apr 2020 15:53:26 +0900</lastBuildDate>
<copyright>Copyright (c) 2004 chosun.com All rights reserved</copyright>
<webMaster>webmaster@chosun.com</webMaster>
<language>ko</language>
<image>
<title>조선일보</title>
<url>https://image.chosun.com/cs_logo.png</url>
<link>https://www.chosun.com</link>
<description>1등 인터넷뉴스 조선닷컴</description>
</image>
<item>
<title>
<![CDATA[ 50대 동장, 공무원 단톡방에 음란 동영상 올려 ]]>
</title>
<link>
https://news.chosun.com/site/data/html_dir/2020/04/01/2020040104606.html
</link>
<description>
<![CDATA[
인천의 한 동장이 음란 동영상을 코로나 사태에 대응하기 위해 만든 공무원들의 단체 대화방에 올렸다가 징계를 받게 됐다. 인천 서구청은 신종 코로나 바이러스 사태에 대응하기 위해 서구가 만든 ‘대응 동향 소통방’에 음란 동영상을 올린 50대 A동장을 징계해 달라고 인천시에 요청했다고 1일 밝혔다. 해당 대화방엔 서구 소속 공무원 140여명이 참여한 것으로 알려졌다. 서구 관계자는 “6급 이하는 구청이 자체적으로 징계할 수 있지만 5급 이상인 동장은 징계 권한이 시에 있는 것으로 안다”고 말했다. 인천시는 별도의 징계위원회를 열...
]]>
</description>
<dc:date>2020-04-01T15:53:19+09:00</dc:date>
<author>
<![CDATA[ 고석태 기자( KOST@chosun.com ) ]]>
</author>
<category>
<![CDATA[ 수도권 ]]>
</category>
<pubDate>Wed, 01 Apr 2020 15:53:19 +0900</pubDate>
</item>
<item>
<title>
<![CDATA[
[4·15 핫!플] 정의 윤소하 "목포의 눈물 내가 알아, 박지원,김원이는 중앙정치만 관심"
]]>
</title>
<link>
https://news.chosun.com/site/data/html_dir/2020/04/01/2020040104642.html
</link>
<description>
<![CDATA[
<table border=0 cellspacing=3 cellpadding=0 width=100%><tr><td><img src="https://image.chosun.com/sitedata/thumbnail/202004/01/2020040104633_0_thumb.jpg" border=0></td></tr></table> “목포는 쇠락의 길을 걸어왔다. 저는 목포에서 50년 이상 살아온 만큼 누구보다도 목포의 아픔을 잘 안다. 반면 다른 후보자들은 중앙 정치에 관심을 갖는 분들이다.” 전남 목포시에 출마한 정의당 원내대표인 윤소하(59) 후보는 경쟁자들을 평가해달라는 질문에 이렇게 답했다. 윤 후보는 “나는 목포 삶의 현장을 누비면서 시민들이 무엇을 힘들어하고 무엇을 요구하는 지에 대해 절실히 느꼈다”며 “목포 시민들의 목소리를 국회에 전달할 수 있는 정치인은 윤소하 뿐”이라고 말했다. 목포 선거구는 치열한 삼파전 양상이다. 서울시 정무부시...
]]>
</description>
<dc:date>2020-04-01T15:53:11+09:00</dc:date>
<author>
<![CDATA[ 주형식 기자( seek@chosun.com ) ]]>
</author>
<category>
<![CDATA[ 4·15 핫!플 ]]>
</category>
<pubDate>Wed, 01 Apr 2020 15:53:11 +0900</pubDate>
</item>
<item>
<title>
<![CDATA[ "몸은 성치 않지만"... 권영진 대구시장 업무 복귀 ]]>
</title>
<link>
https://news.chosun.com/site/data/html_dir/2020/04/01/2020040104598.html
</link>
<description>
<![CDATA[
<table border=0 cellspacing=3 cellpadding=0 width=100%><tr><td><img src="https://image.chosun.com/sitedata/thumbnail/202004/01/2020040104589_0_thumb.jpg" border=0></td></tr></table> 실신했다 병원에 입원했던 권영진 대구시장이 조용히 업무에 복귀했다. 권 시장이 업무에 복귀한 것은 지난 31일 밤. 출근한 권 시장은 저녁 간부회의를 주재하면서 코로나 방역 및 소상공인 지원 등의 긴급 해결을 주문했다. 다음날인 1일 오전에 대구시청으로 출근한 권 시장은 늘 마이크를 잡고 진행하던 코로나 정례 브리핑에는 참석하지 않았다. 대신 채홍호 행정부시장이 브리핑을 진행했다. 대구시는 “권 시장이 아직 100% 기력을 회복한 것은 아니지만 방역 책임자로서 오랫 동안 자리를 비울 수 없어 출근했다”며 “당분간 기력...
]]>
</description>
<dc:date>2020-04-01T15:52:29+09:00</dc:date>
<author>
<![CDATA[ 박원수 기자( wspark@chosun.com ) ]]>
</author>
<category>
<![CDATA[ 사회 일반 ]]>
</category>
<pubDate>Wed, 01 Apr 2020 15:52:29 +0900</pubDate>
</item>
<item>
<title>
<![CDATA[ 데이브 바티스타·마블 제작진 '마이 스파이' 29일 개봉 ]]>
</title>
<link>
https://news.chosun.com/site/data/html_dir/2020/04/01/2020040104587.html
</link>
<description>
<![CDATA[
<table border=0 cellspacing=3 cellpadding=0 width=100%><tr><td><img src="https://image.chosun.com/sitedata/thumbnail/202004/01/2020040104578_0_thumb.jpg" border=0></td></tr></table> 영화 '마이 스파이'가 29일 개봉을 확정지었다.스파이 'JJ'가 실직 대역전을 위한 비밀 작전 중 남다른 능력치의 감시 대상 1호를 만나면서 꼬이게 되는 액션 코믹버스터다.할리우드 대표 액션배우 데이브 바티스타와 마블 제작진이 의기투합했다.바티스타는 뭐든지 저승길로 보내버리는 파괴왕 '스파이'를 맡았다. 범상치 않은 감시 대상 1호로 인해 꼬여버린 비밀 작전을 통해 유쾌한 웃음을 안길 예정이다. '아이언맨3' '엑스맨' 시리즈의 촬영팀과 '캡틴 아메리타: 시빌 워' '스파이더맨: 파 프롬 홈'의 시각효과, '어벤져스: 인피니티 워...
]]>
</description>
<dc:date>2020-04-01T15:45:13+09:00</dc:date>
<author>
<![CDATA[ 뉴시스( ) ]]>
</author>
<category>
<![CDATA[ 무비 ]]>
</category>
<pubDate>Wed, 01 Apr 2020 15:45:13 +0900</pubDate>
</item>
<item>
<title>
<![CDATA[ 뮤지컬 영화 '페임', 오늘부터 안방에서도 상영 ]]>
</title>
<link>
https://news.chosun.com/site/data/html_dir/2020/04/01/2020040104586.html
</link>
<description>
<![CDATA[
<table border=0 cellspacing=3 cellpadding=0 width=100%><tr><td><img src="https://image.chosun.com/sitedata/thumbnail/202004/01/2020040104577_0_thumb.jpg" border=0></td></tr></table> 뮤지컬 영화 '페임'이 1일부터 극장 동시 VOD 서비스를 시작했다.배급사 다자인소프트는 "'페임'을 SK, LG, 홈초이스, SKYLife, 네이버, 씨네폭스, PLAYY, tving, wavve, 구글, 웹하드, 롯데시네마 VOD를 포함한 다양한 플랫폼에서 만나볼 수 있다. 향후 KT, 카카오페이지, 왓챠로 서비스될 예정"이라고 밝혔다.'페임'은 상위 1%만이 들어갈 수 있는 뉴욕 PA 예술학교를 지원한 천재들의 꿈과 야망, 열정을 담아낸 작품이다. 1980년에 제작된 알란 파커 감독의 '페임'을 리메이크해 화제를 모았다.198...
]]>
</description>
<dc:date>2020-04-01T15:45:04+09:00</dc:date>
<author>
<![CDATA[ 뉴시스( ) ]]>
</author>
<category>
<![CDATA[ 무비 ]]>
</category>
<pubDate>Wed, 01 Apr 2020 15:45:04 +0900</pubDate>
</item>
<item>
<title>
<![CDATA[ 차승원, '삼시세끼'로 돌아온다···유해진·손호준 함께 ]]>
</title>
<link>
https://news.chosun.com/site/data/html_dir/2020/04/01/2020040104585.html
</link>
<description>
<![CDATA[
<table border=0 cellspacing=3 cellpadding=0 width=100%><tr><td><img src="https://image.chosun.com/sitedata/thumbnail/202004/01/2020040104576_0_thumb.jpg" border=0></td></tr></table> 영화배우 차승원이 '삼시세끼'로 돌아온다.1일 CJ ENM에 따르면, 이달 말 tvN 예능물 '삼시세끼' 어촌편을 선보인다. 차승원을 비롯해 유해진, 손호준이 출연한다. 관계자는 "제작 준비 중"이라며 "촬영시기나 장소 등은 공개하기 어려운 점 양해 부탁드린다"고 밝혔다.'삼시세끼'는 자연을 배경으로 세끼를 해결하는 야외 버라이어티다. 나영석PD의 대표 예능물 중 하나로 2014년부터 여덟 시즌을 선보였다. 차승원은 '삼시세끼' 어촌편(2015)과 고창편(2016)에서 활약했다. 유해진, 손호준과 고창편 이후 4년 만에 뭉쳐 기대가...
]]>
</description>
<dc:date>2020-04-01T15:44:50+09:00</dc:date>
<author>
<![CDATA[ 뉴시스( ) ]]>
</author>
<category>
<![CDATA[ 방송 ]]>
</category>
<pubDate>Wed, 01 Apr 2020 15:44:50 +0900</pubDate>
</item>
<item>
<title>
<![CDATA[ 이상민, 외국인과 K팝 재해석···'탑골 랩소디' MC ]]>
</title>
<link>
https://news.chosun.com/site/data/html_dir/2020/04/01/2020040104584.html
</link>
<description>
<![CDATA[
<table border=0 cellspacing=3 cellpadding=0 width=100%><tr><td><img src="https://image.chosun.com/sitedata/thumbnail/202004/01/2020040104575_0_thumb.jpg" border=0></td></tr></table> 그룹 '룰라' 출신 이상민이 '탑골 랩소디' MC로 발탁됐다.이상민은 다음달 2일 오후 7시40분 첫 방송되는 E채널 예능물 'K팝도 통역이 되나요?-탑골 랩소디'를 진행한다. 외국인 지원자들의 무대를 보며 음악적 지식과 센스있는 입답을 뽐낼 예정이다.'탑골 랩소디'는 K팝을 사랑하는 외국인들이 1980년대부터 2000년대 한국에서 사랑 받은 명곡으로 경연을 펼치는 서바이벌 프로그램이다. 1절은 한국어, 2절은 출연자들의 모국어로 번안한다.이상민은 SBS TV '미운 우리 새끼'를 비롯해 JTBC '아는 형님' KBS조이 '차트를 ...
]]>
</description>
<dc:date>2020-04-01T15:44:41+09:00</dc:date>
<author>
<![CDATA[ 뉴시스( ) ]]>
</author>
<category>
<![CDATA[ 방송 ]]>
</category>
<pubDate>Wed, 01 Apr 2020 15:44:41 +0900</pubDate>
</item>
<item>
<title>
<![CDATA[ 유승호, 곽경택 감독 '소방관' 하차..."코로나19 여파" ]]>
</title>
<link>
https://news.chosun.com/site/data/html_dir/2020/04/01/2020040104583.html
</link>
<description>
<![CDATA[
<table border=0 cellspacing=3 cellpadding=0 width=100%><tr><td><img src="https://image.chosun.com/sitedata/thumbnail/202004/01/2020040104574_0_thumb.jpg" border=0></td></tr></table> 배우 유승호가 출연을 확정했던 영화 '소방관'에서 하차했다.유승호 측 관계자는 1일 "유승호가 '소방관'에 출연하지 않기로 했다"며, "코로나19의 영향으로 촬영이 차일피일 미뤄져 이 같은 결정을 내렸다"고 밝혔다. '소방관'은 곽경택 감독의 신작으로, '싸이렌', '리베라 메' 이후 소방관들의 이야기를 담은 영화다. 이 영화는 당초 오는 16일 크랭크인 예정이었으나 신 코로나바이러스 감염증(코로나19)의 영향으로 촬영이 미뤄졌다.'소방관'에는 곽도원, 유재명 등이 주연으로 출연한다.◎공감언론 뉴시스
]]>
</description>
<dc:date>2020-04-01T15:44:28+09:00</dc:date>
<author>
<![CDATA[ 뉴시스( ) ]]>
</author>
<category>
<![CDATA[ 무비 ]]>
</category>
<pubDate>Wed, 01 Apr 2020 15:44:28 +0900</pubDate>
</item>
<item>
<title>
<![CDATA[ 개봉 연기, 연기...할리우드 코로나 공포 "여름 성수기 사라질 것" ]]>
</title>
<link>
https://news.chosun.com/site/data/html_dir/2020/04/01/2020040104581.html
</link>
<description>
<![CDATA[
<table border=0 cellspacing=3 cellpadding=0 width=100%><tr><td><img src="https://image.chosun.com/sitedata/thumbnail/202004/01/2020040104572_0_thumb.jpg" border=0></td></tr></table> 신종 코로나바이러스 감염증(코로나19) 확산 여파로 영화 시장의 최대 성수기인 여름 시즌 동안 할리우드가 침체기를 맞을 것으로 보인다. 디즈니, 워너 브라더스, 유니버셜 픽쳐스가 올해 개봉할 예정인 텐트폴(그 해의 주력 영화) 영화의 개봉 연기를 알린 가운데, 소니 픽쳐스가 30일(현지시간) 올해 주요 개봉작인 '모비우스(Morbius)', '고스트 버스터즈: 애프터 라이프(Ghostbusters:After Life)'의 개봉을 연기했다. 앞서 3개의 주요 제작·배급사는 올해의 텐트폴 영화인 '블랙 위도우', '분노의 질주: 더 얼...
]]>
</description>
<dc:date>2020-04-01T15:44:09+09:00</dc:date>
<author>
<![CDATA[ 뉴시스( ) ]]>
</author>
<category>
<![CDATA[ 무비 ]]>
</category>
<pubDate>Wed, 01 Apr 2020 15:44:09 +0900</pubDate>
</item>
<item>
<title>
<![CDATA[ 김재중, 코로나19 확진 첫 연예인 "현재 日서 활동"(전문) ]]>
</title>
<link>
https://news.chosun.com/site/data/html_dir/2020/04/01/2020040104577.html
</link>
<description>
<![CDATA[
<table border=0 cellspacing=3 cellpadding=0 width=100%><tr><td><img src="https://image.chosun.com/sitedata/thumbnail/202004/01/2020040104568_0_thumb.jpg" border=0></td></tr></table> 가수 김재중이 신종 코로나바이러스 감염증(코로나 19)에 감염됐다고 밝혔다. 김재중은 1일 자신의 인스타그램에 "정부로부터, 주변으로부터 주의 받은 모든 것들을 무시한 채 생활한 저의 부주의였다"면서 이렇게 전했다. "개인의 행동이 사회 전체에 끼치는 영향이 얼마나 큰 지, 저로 인해 또 감염됐을 분들에게 미안한 마음뿐"이라고 했다.그러면서 "'나는 아니겠지'라는 마음으로 지내왔던 바보 같은 판단이 지금의 나를 만들어 버렸다"면서 "한 병원에서 입원해있다. 많은 과거를 회상하며 감사함과 미안함이 맴돈다"고 덧붙였다. 김재중은 현재 ...
]]>
</description>
<dc:date>2020-04-01T15:43:55+09:00</dc:date>
<author>
<![CDATA[ 뉴시스( ) ]]>
</author>
<category>
<![CDATA[ 스타 ]]>
</category>
<pubDate>Wed, 01 Apr 2020 15:43:55 +0900</pubDate>
</item>
<item>
<title>
<![CDATA[ 檢,"MBC 지목한 검사장, 당사자 아니라고 채널A가 확인" ]]>
</title>
<link>
https://news.chosun.com/site/data/html_dir/2020/04/01/2020040104275.html
</link>
<description>
<![CDATA[
<table border=0 cellspacing=3 cellpadding=0 width=100%><tr><td><img src="https://image.chosun.com/sitedata/thumbnail/202004/01/2020040104267_0_thumb.jpg" border=0></td></tr></table> 채널A 기자가 ‘윤석열 검찰총장의 ’최측근’ 검찰 간부와의 대화’라는 자료를 제시하면서 유시민 노무현재단 이사장의 ‘신라젠 연루’ 비위를 제보하라고 취재원을 압박했다는 MBC보도에 대해, 검찰은 1일 “사실무근”이라고 재차 강조했다. 검찰 관계자는 “‘메모에 등장하는 인물이 현재 거론되는 A 검사장이 아닌 것으로 확인됐다’는 채널A 사측 입장을 들었다”며 “명예훼손을 막기 위해 채널A 측에서 사실 관계에 대해 명확한 입장을 내야 하는 것 아니냐”고 했다. MBC 뉴스데스크는 전날 ‘채널A 법조 기자가 금융 사기죄로 수감 ...
]]>
</description>
<dc:date>2020-04-01T15:41:44+09:00</dc:date>
<author>
<![CDATA[ 이정구 기자( jglee@chosun.com ) ]]>
</author>
<category>
<![CDATA[ 법조 ]]>
</category>
<pubDate>Wed, 01 Apr 2020 15:41:44 +0900</pubDate>
</item>
<item>
<title>
<![CDATA[ 코스피 다시 1700선 깨졌다…막판 4% 가까이 급락 ]]>
</title>
<link>
https://news.chosun.com/site/data/html_dir/2020/04/01/2020040104559.html
</link>
<description>
<![CDATA[
코스피가 1일 외국인과 기관 매도세에 밀려 4% 가까이 하락했다. 4거래일만에 다시 1700선 밑으로 떨어졌다. 각국이 코로나 사태에 대응해 부양책 강도를 높이고 있지만, 경기 침체 우려가 지속되며 주식시장에서 높은 변동성이 이어지고 있다. 이날 코스피지수는 전 거래일보다 3.94%(69.18포인트) 내린 1685.46에 마감했다. 코스닥지수는 3.03%(17.23포인트) 하락한 551.84에 거래를 마쳤다. 코스피는 전일보다 17.36포인트(0.99%) 내린 1737.28에 출발해 점점 낙폭을 키웠...
]]>
</description>
<dc:date>2020-04-01T15:41:34+09:00</dc:date>
<author>
<![CDATA[ 김민정 기자( mjkim@chosun.com ) ]]>
</author>
<category>
<![CDATA[ 증권·금융 ]]>
</category>
<pubDate>Wed, 01 Apr 2020 15:41:34 +0900</pubDate>
</item>
<item>
<title>
<![CDATA[ [환율] 원달러 환율 13.1원 오른 1230.5원(마감) ]]>
</title>
<link>
https://news.chosun.com/site/data/html_dir/2020/04/01/2020040104545.html
</link>
<description>
<![CDATA[ [환율] 원·달러 환율 13.1원 오른 1230.5원(마감) ]]>
</description>
<dc:date>2020-04-01T15:35:26+09:00</dc:date>
<author>
<![CDATA[ 김은정 기자( ejkim@chosun.com ) ]]>
</author>
<category>
<![CDATA[ 경제 일반 ]]>
</category>
<pubDate>Wed, 01 Apr 2020 15:35:26 +0900</pubDate>
</item>
<item>
<title>
<![CDATA[ '코로나 청정 제주' 찾은 입국자, 자가격리 거부하다 '퇴짜' ]]>
</title>
<link>
https://news.chosun.com/site/data/html_dir/2020/04/01/2020040104461.html
</link>
<description>
<![CDATA[
<table border=0 cellspacing=3 cellpadding=0 width=100%><tr><td><img src="https://image.chosun.com/sitedata/thumbnail/202004/01/2020040104452_0_thumb.jpg" border=0></td></tr></table> 코로나바이러스 감염증(코로나)을 피해 제주로 온 해외 입국 한국인 4명이 의무적으로 자가격리를 해야 한다는 소식을 듣자 스스로 돌아갔다. 1일 제주도에 따르면 지난달 31일 김포공항에서 항공편을 이용해 제주공항에 도착한 해외 입국자 4명이 제주공항에 도착하자 마자 다시 서울로 돌아갔다. 이들은 제주도가 시행하고 있는 특별 입도 절차에 따라 해외 체류 이력이 있을 경우 2주간 의무적으로 자가격리해야 한다는 설명을 듣고 다시 서울로 돌아가는 것을 선택했다. 이들 4명은 필리핀에 거주하고 있던 3인 가족과 캐나다에...
]]>
</description>
<dc:date>2020-04-01T15:35:11+09:00</dc:date>
<author>
<![CDATA[ 오재용 기자( island1950@chosun.com ) ]]>
</author>
<category>
<![CDATA[ 사회 일반 ]]>
</category>
<pubDate>Wed, 01 Apr 2020 15:35:11 +0900</pubDate>
</item>
<item>
<title>
<![CDATA[ 금유위, 모바일 소액 투자플랫폼 등 9건 혁신금융서비스 지정 ]]>
</title>
<link>
https://news.chosun.com/site/data/html_dir/2020/04/01/2020040104542.html
</link>
<description>
<![CDATA[
금융위원회는 AI기반 핀테크 기업 콰라소프트의 모바일 소액 투자플랫폼 등 9건의 혁신금융서비스에 대해 금융규제 샌드박스를 적용하기로 했다고 1일 밝혔다. 금융규제 샌드박스는 작년 4월 시행 후 현재까지 102건을 혁신서비스로 지정했다. 콰라소프트와 미래에셋대우가 구축한 모바일 소액투자 플랫폼은 투자자가 모바일에서 해외 상장주식을 소액으로 투자할 수 있도록 지원하는 서비스다. 공동구매 방식을 통해 투자자가 소액으로도 해외 상장주식을 살 수 있게 한 것이다. 이 서비스는 올해 7월 출시될 예정이다. 핀테크 기업 두나무와 ...
]]>
</description>
<dc:date>2020-04-01T15:35:11+09:00</dc:date>
<author>
<![CDATA[ 윤진호 기자( jinho@chosun.com ) ]]>
</author>
<category>
<![CDATA[ 경제 일반 ]]>
</category>
<pubDate>Wed, 01 Apr 2020 15:35:11 +0900</pubDate>
</item>
<item>
<title>
<![CDATA[ 日 언론 "평양 등 코로나 사망자 260명 달해" ]]>
</title>
<link>
https://news.chosun.com/site/data/html_dir/2020/04/01/2020040104538.html
</link>
<description>
<![CDATA[
<table border=0 cellspacing=3 cellpadding=0 width=100%><tr><td><img src="https://image.chosun.com/sitedata/thumbnail/202004/01/2020040104529_0_thumb.jpg" border=0></td></tr></table> 신종 코로나바이러스(코로나19)에 감염된 것으로 추정되는 북한 내 사망자가 260명에 달한다고 일본 지지통신이 1일 북한 소식통을 인용해 보도했다. 통신은 이날 “북한에서도 중국과의 국경 부근에서부터 신종코로나바이러스 감염증이 점차 퍼지면서 전국으로 확산되고 있는 것으로 보인다”며 이 같이 전했다. 통신에 따르면 북한의 코로나 추정 사망자는 대부분 군부대에서 나왔고 평양에서도 사망자가 발생한 것으로 나타났다. 통신은 “국경경비대 병사들이 중국인들과의 접촉으로 (바이러스에) 감염되면서 부대 내에 확산된 것으로 보인다”며 “사망자 중 ...
]]>
</description>
<dc:date>2020-04-01T15:34:39+09:00</dc:date>
<author>
<![CDATA[ 김명성 기자( tongilvison@chosun.com ) ]]>
</author>
<category>
<![CDATA[ 외교·안보 ]]>
</category>
<pubDate>Wed, 01 Apr 2020 15:34:39 +0900</pubDate>
</item>
<item>
<title>
<![CDATA[ 출연자 논란 '하트시그널3' 비드라마 부문 화제성 1위 ]]>
</title>
<link>
https://news.chosun.com/site/data/html_dir/2020/04/01/2020040104573.html
</link>
<description>
<![CDATA[
<table border=0 cellspacing=3 cellpadding=0 width=100%><tr><td><img src="https://image.chosun.com/sitedata/thumbnail/202004/01/2020040104564_0_thumb.jpg" border=0></td></tr></table> [스포츠조선 조윤선 기자] '하트시그널 시즌3'이 출연자 논란에도 화제성 1위를 차지했다. 지난달 30일 TV화제성 분석 기관 굿데이터코퍼레이션은 2020년 3월 23일부터 2020년 3월 29일까지 방송 중이거나 방송 예정인 비드라마 183편을 대상으로 뉴스 기사, 블로그/커뮤니티, 동영상, SNS에서 발생한 네티즌 반응을 분석해 발표했다.방영 전부터 일부 출연자의 자질 논란이 있었던 채널A '하트시그널 시즌3'가 방송 첫 주 비드라마 1위에 올랐다. 논란이 있었음에도 방송을 강행한 것에 네티즌의 거부감이 발생했으며, 이전 시즌에...
]]>
</description>
<dc:date>2020-04-01T15:33:46+09:00</dc:date>
<author>
<![CDATA[ 스포츠조선=조윤선 기자( supremez@sportschosun.com ) ]]>
</author>
<category>
<![CDATA[ 연예 포토 ]]>
</category>
<pubDate>Wed, 01 Apr 2020 15:33:46 +0900</pubDate>
</item>
<item>
<title>
<![CDATA[ 토종이냐 외인이냐, V-리그 '최고의 별' 두고 각축 ]]>
</title>
<link>
https://news.chosun.com/site/data/html_dir/2020/04/01/2020040104535.html
</link>
<description>
<![CDATA[
<table border=0 cellspacing=3 cellpadding=0 width=100%><tr><td><img src="https://image.chosun.com/sitedata/thumbnail/202004/01/2020040104526_0_thumb.jpg" border=0></td></tr></table> 신종 코로나바이러스 감염증(코로나19) 여파로 조기 종료됐지만 아직 볼거리는 남아있다. 한국배구연맹(KOVO)은 9일 시상식을 열고 8개 부문에 대해 시상할 예정이다. 신종 코로나바이러스 감염증(코로나19) 여파로 축소된 2019~2020시즌의 마지막 공식 일정이다. 최고의 별을 뽑는 최우수선수상(MVP)은 토종 선수들과 외국인 선수들의 각축전이 될 전망이다. 남자부에서는 우리카드 나경복과 대한항공 비예나가 유력후보로 꼽힌다. 레프트 공격수인 나경복은 27경기에 출전해 453점, 서브에이스 37개를 기록했다. 국내 선수 중 득점 ...
]]>
</description>
<dc:date>2020-04-01T15:33:46+09:00</dc:date>
<author>
<![CDATA[ 뉴시스( ) ]]>
</author>
<category>
<![CDATA[ 배구 ]]>
</category>
<pubDate>Wed, 01 Apr 2020 15:33:46 +0900</pubDate>
</item>
<item>
<title>
<![CDATA[ 쇼트트랙 심석희, 나이키 '우리의 힘을 믿어' 모델로 참여 ]]>
</title>
<link>
https://news.chosun.com/site/data/html_dir/2020/04/01/2020040104530.html
</link>
<description>
<![CDATA[
<table border=0 cellspacing=3 cellpadding=0 width=100%><tr><td><img src="https://image.chosun.com/sitedata/thumbnail/202004/01/2020040104521_0_thumb.jpg" border=0></td></tr></table> 여자 쇼트트랙 올림픽 금메달리스트 심석희(서울시청)가 글로벌 스포츠용품 브랜드 나이키의 '우리의 힘을 믿어' 활동 모델로 참여했다. 나이키는 1일 "힘든 상황 속에서도 전 세계 운동선수들을 포함한 모든 이들이 일상에서 건강을 유지하며 계속해서 운동할 수 있도록 독려하기 위해 기획한 '우리의 힘을 믿어' 활동을 전개한다"며 "가장 어려운 시기에도 연대와 영감의 원천은 스포츠로부터 나온다는 것을 자신의 커리어를 통해 보여준 쇼트트랙 심석희 선수가 대표주자로 참여했다"고 전했다. 심석희는 "스포츠는 힘든 상황에서도 새로운 희망을 꿈꾸게 ...
]]>
</description>
<dc:date>2020-04-01T15:32:49+09:00</dc:date>
<author>
<![CDATA[ 뉴시스( ) ]]>
</author>
<category>
<![CDATA[ 스포츠 일반 ]]>
</category>
<pubDate>Wed, 01 Apr 2020 15:32:49 +0900</pubDate>
</item>
<item>
<title>
<![CDATA[ 공주룸 갈까? 카룸은 어때?…라마다앙코르 김포한강 '안전한 소풍 패키지' 선봬 ]]>
</title>
<link>
https://news.chosun.com/site/data/html_dir/2020/04/01/2020040104558.html
</link>
<description>
<![CDATA[
<table border=0 cellspacing=3 cellpadding=0 width=100%><tr><td><img src="https://image.chosun.com/sitedata/thumbnail/202004/01/2020040104549_0_thumb.jpg" border=0></td></tr></table> 라마다앙코르 김포한강호텔이 연기된 개학으로 인해 답답해하는 가족을 위한 '안전한 소풍 패키지'를 6월 말까지 선보인다. 이번 패키지는 ▲선택 1박(키즈룸, 키즈스위트룸, 디럭스패밀리룸) ▲조식뷔페 성인 2인과 어린이 1인 ▲키즈존 어린이 1인 입장권(부모 무료입장) ▲페르바도 칙 베이비 어린이 살균소독제 60㎖ 1개 ▲회전목마 1+1 할인이용권 1매가 제공된다. 가격은 주중과 주말로 구분한 13만 2000원부터 시작한다.패키지 객실중 캐릭터룸은 여자아이들이 좋아하는 공주룸(Princess)과 남자아이들이 좋아하는 카룸(Car)으로 ...
]]>
</description>
<dc:date>2020-04-01T15:32:25+09:00</dc:date>
<author>
<![CDATA[ 스포츠조선=장종호 기자( bellho@sportschosun.com ) ]]>
</author>
<category>
<![CDATA[ 트래블 앤 레저 ]]>
</category>
<pubDate>Wed, 01 Apr 2020 15:32:25 +0900</pubDate>
</item>
<item>
<title>
<![CDATA[ 대통령 급여반납 발표 후 11일만에 "나도 낼게요" ]]>
</title>
<link>
https://news.chosun.com/site/data/html_dir/2020/04/01/2020040104490.html
</link>
<description>
<![CDATA[
인천시도 뒤늦게 공공기관장 급여 반납에 동참했다. 인천시는 코로나 확산에 따른 인천시민들의 고통을 조금이나마 분담하기 위해 시장은 물론 시 산하 공공기관장들이 자발적으로 4개월간 급여를 최대 30% 삭감하기로 했다고 밝혔다. 인천시의 급여 반납은 지난달 21일 문재인 대통령이 급여 반납을 발표한 지 11일 만에 나온 것이다. 인천 지역 기관장들이 반납하는 금액은 총 7300여만에 달한다고 인천시는 덧붙였다. 박남춘 인천시장이 약 1300만원이며 인천교통공사, 인천도시공사, 인천관광공사, 인천시설공단, 인천환경공단, 인천테크노파크...
]]>
</description>
<dc:date>2020-04-01T15:31:43+09:00</dc:date>
<author>
<![CDATA[ 고석태 기자( KOST@chosun.com ) ]]>
</author>
<category>
<![CDATA[ 수도권 ]]>
</category>
<pubDate>Wed, 01 Apr 2020 15:31:43 +0900</pubDate>
</item>
<item>
<title>
<![CDATA[ 문체부 "코로나19, 집콕운동으로 건강 지키자" 캠페인 ]]>
</title>
<link>
https://news.chosun.com/site/data/html_dir/2020/04/01/2020040104520.html
</link>
<description>
<![CDATA[
<table border=0 cellspacing=3 cellpadding=0 width=100%><tr><td><img src="https://image.chosun.com/sitedata/thumbnail/202004/01/2020040104511_0_thumb.jpg" border=0></td></tr></table> 문화체육관광부(장관 박양우)는 대한체육회, 국민체육진흥공단 등 체육단체와 함께, 신종 코로나바이러스 감염증(코로나19)로 인해 체육 활동이 어려워진 국민들을 위해 '집콕운동으로 나와 우리 모두의 건강을 함께 지켜요'라는 표어 아래 캠페인을 펼친다. 이번 캠페인에서는 집안에서 할 수 있는 간단한 운동 방법과 운동 수칙을 안내하고 전문가의 운동 상담을 제공하며, 집콕운동을 주제로 한 영상 공모전도 함께 진행한다. 우선 매주 체력인증센터의 운동 처방사가 영상을 통해 실내에서 할 수 있는 간단한 운동을 소개한다. 또한, 양학선, 신수지 ...
]]>
</description>
<dc:date>2020-04-01T15:31:10+09:00</dc:date>
<author>
<![CDATA[ 뉴시스( ) ]]>
</author>
<category>
<![CDATA[ 스포츠 일반 ]]>
</category>
<pubDate>Wed, 01 Apr 2020 15:31:10 +0900</pubDate>
</item>
<item>
<title>
<![CDATA[ 도쿄올림픽 연기로 여자축구 6월 PO일정 또 연기될 듯 ]]>
</title>
<link>
https://news.chosun.com/site/data/html_dir/2020/04/01/2020040104507.html
</link>
<description>
<![CDATA[
<table border=0 cellspacing=3 cellpadding=0 width=100%><tr><td><img src="https://image.chosun.com/sitedata/thumbnail/202004/01/2020040104498_0_thumb.jpg" border=0></td></tr></table> 신종 코로나바이러스 감염증(코로나19)의 전 세계적인 확산으로 2020년 도쿄올림픽이 1년 뒤로 연기된 가운데 6월 예정된 여자축구 플레이오프(PO)도 내년으로 미뤄질 전망이다. 도쿄올림픽 여자축구 PO는 지난 2월 열릴 예정이었으나 코로나19로 인해 한국과 중국에서 홈 앤드 어웨이 경기할 수 없게 되면서 국제축구연맹(FIFA)과 아시아축구연맹(AFC)이 6월 4일과 9일로 연기했다. 하지만 국제올림픽위원회(IOC)와 일본 정부가 올해 7월 예정된 도쿄올림픽의 1년 연기를 결정하면서 여자축구 PO를 6월에 치를 이유가 없어졌다. 축...
]]>
</description>
<dc:date>2020-04-01T15:30:06+09:00</dc:date>
<author>
<![CDATA[ 뉴시스( ) ]]>
</author>
<category>
<![CDATA[ 축구 ]]>
</category>
<pubDate>Wed, 01 Apr 2020 15:30:06 +0900</pubDate>
</item>
<item>
<title>
<![CDATA[ 삼성전자 직원, 브라질만 다녀오면 코로나 감염? ]]>
</title>
<link>
https://news.chosun.com/site/data/html_dir/2020/04/01/2020040104349.html
</link>
<description>
<![CDATA[
브라질 출장을 다녀온 삼성전자 구미사업장 직원 2명이 코로나 감염증 확진 판정을 받았다. 1일 구미시 등에 따르면 구미사업장 무선사업부 직원 A씨와 B씨가 이날 오후 확진 판정을 받았다. 30대와 40대인 이들은 지난 2월 초 브라질로 출장을 갔다가 지난달 30일 귀국 후 구미에서 자가격리 중 다음날 순천향대 구미병원 선별진료소에서 코로나 검사를 받았다. 현재까지 확진 판정을 받은 삼성전자 구미사업장 직원은 총 9명이며, 구미사업장 입주은행 직원까지 포함하면 10명이다. 앞서 지난달 24일에도 브라질 출장을 다녀온 삼...
]]>
</description>
<dc:date>2020-04-01T15:29:27+09:00</dc:date>
<author>
<![CDATA[ 권광순 기자( fact@chosun.com ) ]]>
</author>
<category>
<![CDATA[ 사회 일반 ]]>
</category>
<pubDate>Wed, 01 Apr 2020 15:29:27 +0900</pubDate>
</item>
<item>
<title>
<![CDATA[ KIA 타이거즈, 2020시즌 팬북 발간 ]]>
</title>
<link>
https://news.chosun.com/site/data/html_dir/2020/04/01/2020040104506.html
</link>
<description>
<![CDATA[
<table border=0 cellspacing=3 cellpadding=0 width=100%><tr><td><img src="https://image.chosun.com/sitedata/thumbnail/202004/01/2020040104497_0_thumb.jpg" border=0></td></tr></table> 프로야구 KIA 타이거즈가 2020시즌 팬북 2만부를 발간했다. 올 시즌 팬북 콘셉트는 '우승 반지를 향한 위대한 여정'으로, 표지는 강렬한 호랑이 이미지로 장식했다. 용맹한 호랑이가 발걸음을 내딛는 모습을 강조해 명예회복을 향해 전진하는 KIA 타이거즈 선수단의 굳은 의지를 드러냈다. 팬북은 선수들의 역동적인 플레이 모습을 강조하기 위해 A4 사이즈의 화보로 구성됐다. 화보와 함께 다양한 테마의 인터뷰가 실려 읽을거리가 풍성하다. 우선 지난 시즌 결산과 올 시즌 전망을 비롯해 맷 윌리엄스 감독의 출사표가 소개되고, 메이저리그 출신...
]]>
</description>
<dc:date>2020-04-01T15:29:24+09:00</dc:date>
<author>
<![CDATA[ 뉴시스( ) ]]>
</author>
<category>
<![CDATA[ 야구 ]]>
</category>
<pubDate>Wed, 01 Apr 2020 15:29:24 +0900</pubDate>
</item>
<item>
<title>
<![CDATA[ '부부의 세계' 드라마 화제성 1위…김희애, 출연자 부문 1위 ]]>
</title>
<link>
https://news.chosun.com/site/data/html_dir/2020/04/01/2020040104563.html
</link>
<description>
<![CDATA[
<table border=0 cellspacing=3 cellpadding=0 width=100%><tr><td><img src="https://image.chosun.com/sitedata/thumbnail/202004/01/2020040104554_0_thumb.jpg" border=0></td></tr></table> [스포츠조선 조윤선 기자] JTBC '부부의 세계'가 드라마, 출연자 화제성 1위를 차지했다.지난달 30일 TV화제성 분석 기관 굿데이터코퍼레이션은 2020년 3월 23일부터 2020년 3월 29일까지 방송 중이거나 방송 예정인 드라마 22편을 대상으로 뉴스 기사, 블로그/커뮤니티, 동영상, SNS에서 발생한 네티즌 반응을 분석해 발표했다.그 결과 JTBC 신작 '부부의 세계'가 드라마 1위로 출발을 알렸다. 이번주 '부부의 세계'가 기록한 화제성은 2020년 방송을 시작한 드라마들의 첫 방 화제성 중 가장 높은 점수였다. 네티즌은...
]]>
</description>
<dc:date>2020-04-01T15:29:14+09:00</dc:date>
<author>
<![CDATA[ 스포츠조선=조윤선 기자( supremez@sportschosun.com ) ]]>
</author>
<category>
<![CDATA[ 연예 포토 ]]>
</category>
<pubDate>Wed, 01 Apr 2020 15:29:14 +0900</pubDate>
</item>
<item>
<title>
<![CDATA[ “日병원에 입원 중” 김재중, 코로나 19 감염 고백…소속사 “확인 중” ]]>
</title>
<link>
https://news.chosun.com/site/data/html_dir/2020/04/01/2020040104571.html
</link>
<description>
<![CDATA[
<table border=0 cellspacing=3 cellpadding=0 width=100%><tr><td><img src="https://image.chosun.com/sitedata/thumbnail/202004/01/2020040104562_0_thumb.jpg" border=0></td></tr></table> [스포츠조선닷컴 박아람 기자] 그룹 JYJ 김재중이 신종 코로나 바이러스 감염증(이하 코로나19)에 감염됐다고 고백한 가운데, 소속사 씨제스엔터테인먼트 측이 "확인 중"이라고 밝혔다.1일 김재중 소속사 측은 현재 김재중이 한국이 아닌 일본에 있다면서 아직 연락이 안 되고 있어 "확인 후 입장을 알려드리겠다"고 전했다.김재중은 이날 자신의 SNS에 "저는 코로나19호 바이러스에 감염됐습니다"라고 시작되는 글을 공개했다. 그의 글이 사실이라면 김재중은 국내 연예인 중 첫 확진자가 된 것.그는 "정부로부터, 주변으로부터 주의 받은 모든 ...
]]>
</description>
<dc:date>2020-04-01T15:28:54+09:00</dc:date>
<author>
<![CDATA[ 스포츠조선=박아람 기자( ) ]]>
</author>
<category>
<![CDATA[ 연예 포토 ]]>
</category>
<pubDate>Wed, 01 Apr 2020 15:28:54 +0900</pubDate>
</item>
<item>
<title>
<![CDATA[ 남자 프로농구 샐러리캡 동결 혹은 삭감할 듯 ]]>
</title>
<link>
https://news.chosun.com/site/data/html_dir/2020/04/01/2020040104499.html
</link>
<description>
<![CDATA[
<table border=0 cellspacing=3 cellpadding=0 width=100%><tr><td><img src="https://image.chosun.com/sitedata/thumbnail/202004/01/2020040104490_0_thumb.jpg" border=0></td></tr></table> 차기 시즌 남자 프로농구의 샐러리캡(연봉총액상한제)이 동결 혹은 삭감될 것으로 보인다. 남자 프로농구를 주관하는 KBL은 오는 6일 강남구 KBL센터에서 제25기 제6차 이사회를 개최해 2019~2020시즌 조기 종료에 따른 후속 조치와 2020~2021시즌 샐러리캡에 대해 논의하기로 했다. 샐러리캡은 선수들의 연봉 총액이 일정액을 넘지 못하도록 제한하는 제도다. 재정이 탄탄한 구단이 특급 선수들을 독점해 팀간 전력 차가 커지는 것을 방지하고, 구단의 비용을 절감하는 효과가 있다. KBL의 샐러리캡은 지난해 1억원 올라 25억원이다...
]]>
</description>
<dc:date>2020-04-01T15:28:40+09:00</dc:date>
<author>
<![CDATA[ 뉴시스( ) ]]>
</author>
<category>
<![CDATA[ 농구 ]]>
</category>
<pubDate>Wed, 01 Apr 2020 15:28:40 +0900</pubDate>
</item>
<item>
<title>
<![CDATA[ [공식]김재중, 국내 첫 코로나19 확진 연예인…소속사 "日에 있어 확인 중"(전문) ]]>
</title>
<link>
https://news.chosun.com/site/data/html_dir/2020/04/01/2020040104561.html
</link>
<description>
<![CDATA[
<table border=0 cellspacing=3 cellpadding=0 width=100%><tr><td><img src="https://image.chosun.com/sitedata/thumbnail/202004/01/2020040104552_0_thumb.jpg" border=0></td></tr></table> [스포츠조선닷컴 정유나 기자] 가수 겸 배우 김재중이 신종 코로나바이러스 감염증(코로나19)에 감염됐다고 직접 밝혔다. 김재중은 코로나19 확진 판정을 받은 최초의 한국 연예인이 됐다.김재중은 1일 자신의 인스타그램을 통해 "코로나19 바이러스에 감염됐다"라고 밝혔다.김재중은 "정부로부터, 주변으로부터 주의 받은 모든 것들을 무시한 채 생활한 저의 부주의였다. 개인의 행동이 사회 전체에 끼치는 영향이 얼마나 큰지, 저로 인해 또 감염됐을 분들에게 미안한 마음뿐이다. '나는 아니겠지'라는 마음으로 지내왔던 바보 같은 판단이 지금의 나...
]]>
</description>
<dc:date>2020-04-01T15:28:36+09:00</dc:date>
<author>
<![CDATA[ 스포츠조선=정유나 기자( ) ]]>
</author>
<category>
<![CDATA[ 연예 포토 ]]>
</category>
<pubDate>Wed, 01 Apr 2020 15:28:36 +0900</pubDate>
</item>
<item>
<title>
<![CDATA[ '한끼줍쇼' 한끼외전 5탄 '한끼인의 밥상'…스타 밥상부터 건강 밥상까지 ]]>
</title>
<link>
https://news.chosun.com/site/data/html_dir/2020/04/01/2020040104566.html
</link>
<description>
<![CDATA[
<table border=0 cellspacing=3 cellpadding=0 width=100%><tr><td><img src="https://image.chosun.com/sitedata/thumbnail/202004/01/2020040104557_0_thumb.jpg" border=0></td></tr></table> [스포츠조선 이승미 기자]다양한 밥상을 한 자리에서 만나본다.1일 방송되는 JTBC '한끼줍쇼'는 한 끼외전 5탄-한끼인의 밥상 특집으로 진행된다.이날 방송에서는 그동안 '한끼줍쇼'에서 만난 다채로운 한 끼 밥상들을 총망라한다. 특히 국민엄마 김수미의 진수성찬 밥상부터 이연복, 김풍 셰프를 비롯해, 요리 실력파 밥동무들이 직접 즉석에서 요리했던 특별한 '스타밥상'을 모아본다.뿐만 아니라, 의사 식구들과 함께했던 '건강한 밥상'을 다시 볼 수 있다. 그 어느 때보다 건강에 대한 관심이 높은 요즘, 건강 전문가 식구들이 근황을 전하며 ...
]]>
</description>
<dc:date>2020-04-01T15:28:21+09:00</dc:date>
<author>
<![CDATA[ 스포츠조선=이승미 기자( ) ]]>
</author>
<category>
<![CDATA[ 연예 포토 ]]>
</category>
<pubDate>Wed, 01 Apr 2020 15:28:21 +0900</pubDate>
</item>
<item>
<title>
<![CDATA[ 김승현, 아내가 해준 집밥부터 신혼집까지 공개…"내조의 여왕" ]]>
</title>
<link>
https://news.chosun.com/site/data/html_dir/2020/04/01/2020040104556.html
</link>
<description>
<![CDATA[
<table border=0 cellspacing=3 cellpadding=0 width=100%><tr><td><img src="https://image.chosun.com/sitedata/thumbnail/202004/01/2020040104547_0_thumb.jpg" border=0></td></tr></table> [스포츠조선 남재륜 기자] 배우 김승현이 아내 장정윤 작가와의 신혼 일상을 공개했다. 지난달 31일 김승현은 자신의 인스타그램에 "감사히 잘 먹겠습니다. 집밥이 답이다"라며 "내조의 여왕 장 작가"라고 적었다.공개된 사진에서 김승현은 아내 장 작가가 차린 집밥을 앞에 두고 손을 모으고 있다. 행복한 새신랑의 모습이다. 깔끔하고 모던한 신혼집 인테리어도 눈길을 끈다. 김승현은 MBN '알토란'의 장정윤 작가와 지난 1월 결혼식을 올렸다. 김승현은 KBS2 예능 프로그램 '살림하는 남자들 시즌2'에 출연 중이다. 남재륜 기자 sjr@s...
]]>
</description>
<dc:date>2020-04-01T15:28:18+09:00</dc:date>
<author>
<![CDATA[ 스포츠조선=남재륜 기자( sjr@sportschosun.com ) ]]>
</author>
<category>
<![CDATA[ 연예 포토 ]]>
</category>
<pubDate>Wed, 01 Apr 2020 15:28:18 +0900</pubDate>
</item>
<item>
<title>
<![CDATA[ "종편 재승인 보류는 비판 언론 재갈 물리기" ]]>
</title>
<link>
https://news.chosun.com/site/data/html_dir/2020/04/01/2020040104485.html
</link>
<description>
<![CDATA[
방송통신위원회가 최근 종합편성 채널 TV조선·채널A 재승인 심사에서 재승인 보류 결정을 내린 것에 대해 시민사회 단체의 비판 목소리가 높아지고 있다. 중도·보수성향 시민단체 모임인 ‘시민·사회단체 대표자 연석회의’(시대연)는 1일 경기도 과천 방송통신위원회 앞에서 기자회견을 열고, “최근 방통위가 TV조선과 채널A에 대해 재승인 보류 결정을 내린 것은 문재인 정권이 시키는 대로 고분고분 말을 듣지 않던 양대 종편에 재갈을 물린 것”이라며 “앞으로 정권이 시키는 대로 하지 않으면 종편 승인을 취소하겠다는 협박”이라고 주장했다. 방통위...
]]>
</description>
<dc:date>2020-04-01T15:26:50+09:00</dc:date>
<author>
<![CDATA[ 신동흔 기자( dhshin@chosun.com ) ]]>
</author>
<category>
<![CDATA[ 문화 ]]>
</category>
<pubDate>Wed, 01 Apr 2020 15:26:50 +0900</pubDate>
</item>
<item>
<title>
<![CDATA[ [사각사각] '보야? 주먹이야? ]]>
</title>
<link>
https://news.chosun.com/site/data/html_dir/2020/04/01/2020040104479.html
</link>
<description>
<![CDATA[
<table border=0 cellspacing=3 cellpadding=0 width=100%><tr><td><img src="https://image.chosun.com/sitedata/thumbnail/202004/01/2020040104470_0_thumb.jpg" border=0></td></tr></table> ‘가위 바위 보?’지난 31일 오후 경기도 김포시에 위치한 미래통합당 박진호 후보 사무실을 찾은 김종인 총괄선대위원장과 홍철호 후보의 인사모습이 미소를 짓게 한다.차량에서 내리는 김 위원장에게 먼저 다가간 김포을 홍 후보가 손을 펼쳐 악수를 청하자 김위원장은 주먹인사를 하자며 주먹을 냈다. 그에 홍후보가 급히 주먹으로 화답하는 모습이 꼭 ‘가위 바위 보’하는 것처럼 보인다.코로나바이러스감염증(코로나19) 여파로 사회적 거리두기 등 코로나바이러스 확산방지를 위해 전국민이 서로 조심하고 있는 가운데 사람 만나는게 일인 정치인 들에...
]]>
</description>
<dc:date>2020-04-01T15:26:17+09:00</dc:date>
<author>
<![CDATA[ 남강호 기자( kangho@chosun.com ) ]]>
</author>
<category>
<![CDATA[ 정치 ]]>
</category>
<pubDate>Wed, 01 Apr 2020 15:26:17 +0900</pubDate>
</item>
<item>
<title>
<![CDATA[ 손흥민, 메시가 뽑은 '최고의 재능 25인'에 이름 올려 ]]>
</title>
<link>
https://news.chosun.com/site/data/html_dir/2020/04/01/2020040104208.html
</link>
<description>
<![CDATA[
<table border=0 cellspacing=3 cellpadding=0 width=100%><tr><td><img src="https://image.chosun.com/sitedata/thumbnail/202004/01/2020040104200_0_thumb.jpg" border=0></td></tr></table> 손흥민(28·토트넘)이 리오넬 메시(바르셀로나·33·아르헨티나)가 뽑은 2019~2020시즌 유럽축구연맹(UEFA) 챔피언스리그 ‘최고의 재능 25인’에 포함됐다. 영국 매체 데일리스타는 1일 메시가 미국의 트레이딩 카드 제조사인 ‘톱스’(Topps)와 파트너 계약을 맺고 이번 시즌 UEFA 챔피언스리그 카드를 디자인했다고 보도했다. 메시는 ‘최고의 재능’ 카드에 들어갈 선수 25명을 직접 뽑은 것으로 알려졌다. 손흥민은 팀 동료 해리 케인(27·영국)과 함께 이 명단에 이름을 올렸다. 비록 토트넘은 라이프치히에 가로막혀 1...
]]>
</description>
<dc:date>2020-04-01T15:24:47+09:00</dc:date>
<author>
<![CDATA[ 문현웅 기자( mhw@chosun.com ) ]]>
</author>
<category>
<![CDATA[ 축구 ]]>
</category>
<pubDate>Wed, 01 Apr 2020 15:24:47 +0900</pubDate>
</item>
<item>
<title>
<![CDATA[ "민원 처리 왜 늦어" 행정복지센터서 자해·난동 50대 입건 ]]>
</title>
<link>
https://news.chosun.com/site/data/html_dir/2020/04/01/2020040104416.html
</link>
<description>
<![CDATA[
경북 안동경찰서는 1일 민원 처리에 불만을 품고 자해 소동과 행패를 부린 혐의(특수협박·응급의료에 관한 법률 위반 등)로 A(52)씨를 붙잡아 조사 중이다. 경찰과 안동시에 따르면 A씨는 지난달 31일 오후 6시쯤 안동시 용상동 행정복지센터에서 차상위 본인부담 경감 대상자 지정 처리가 늦다며 흉기로 자해 소동을 저질렀다. 경찰과 119구급대가 출동해 A씨를 인근 병원으로 이송했지만 그는 “치료가 마음에 들지 않는다”며 간호사에게 욕설하는 등 행패를 부린 혐의도 받고 있다. 안동시 관계자는 “A씨가 신청한 민원 처리 ...
]]>
</description>
<dc:date>2020-04-01T15:24:33+09:00</dc:date>
<author>
<![CDATA[ 권광순 기자( fact@chosun.com ) ]]>
</author>
<category>
<![CDATA[ 영남 ]]>
</category>
<pubDate>Wed, 01 Apr 2020 15:24:33 +0900</pubDate>
</item>
<item>
<title>
<![CDATA[ '굿캐스팅' 이준영, 카메라 앞뒤 다른 '안하무인 톱스타' 포스 ]]>
</title>
<link>
https://news.chosun.com/site/data/html_dir/2020/04/01/2020040104526.html
</link>
<description>
<![CDATA[
<table border=0 cellspacing=3 cellpadding=0 width=100%><tr><td><img src="https://image.chosun.com/sitedata/thumbnail/202004/01/2020040104517_0_thumb.jpg" border=0></td></tr></table> [스포츠조선 조윤선 기자] "2020년 봄, 뉴페이스 여심 저격수가 온다!"'굿캐스팅' 이준영이 카메라 앞에서와 뒤의 모습이 180도 다른, '안하무인 톱스타'의 첫 포스를 공개했다.오는 4월 27일(월) 첫 방송되는 SBS 새 월화드라마 '굿캐스팅'(극본 박지하/연출 최영훈/제작 ㈜박스미디어)은 국정원 현직에서 밀려나 근근이 책상을 지키던 여성들이 어쩌다 현장 요원으로 차출된 후, 초유의 위장 잠입 작전을 펼치게 되면서 벌어지는 사이다 액션 코미디 드라마다. 권총보다는 장바구니가, 고공 활강 액션보다는 등짝 스매싱이 어울리는 평범...
]]>
</description>
<dc:date>2020-04-01T15:23:10+09:00</dc:date>
<author>
<![CDATA[ 스포츠조선=조윤선 기자( supremez@sportschosun.com ) ]]>
</author>
<category>
<![CDATA[ 연예 포토 ]]>
</category>
<pubDate>Wed, 01 Apr 2020 15:23:10 +0900</pubDate>
</item>
<item>
<title>
<![CDATA[ 이용섭 광주시장이 발끈했다...입국자 격리 강화키로 ]]>
</title>
<link>
https://news.chosun.com/site/data/html_dir/2020/04/01/2020040104404.html
</link>
<description>
<![CDATA[
<table border=0 cellspacing=3 cellpadding=0 width=100%><tr><td><img src="https://image.chosun.com/sitedata/thumbnail/202004/01/2020040104395_0_thumb.jpg" border=0></td></tr></table> 이용섭 광주광역시장이 발끈하고 나섰다. 평소 절제된 언어를 쓰는 스타일에서 벗어나지는 않았지만, 어조와 내용은 달랐다. 지난 달 31일 한밤중 해외에서 입국하여 인천공항을 거쳐 광주송정역에 도착한 일부가족들이 ‘3일간의 생활치료센터 격리’ 행정명령을 거부하고 끝내 귀가했기 때문이다. 광주시는 지난 29일부터 해외입국자에 대한 관리를 정부지침보다 강화하여 시행하고 있다. 정부는 지난 달 26일부터 유럽발 입국자는 14일간 자가격리, 입국후 3일 이내 전수검사를 시행토록 하고 있다. 미국발입국자는 14일 자가격리, 증상이 나타나...
]]>
</description>
<dc:date>2020-04-01T15:22:42+09:00</dc:date>
<author>
<![CDATA[ 권경안 기자( gakwon@chosun.com ) ]]>
</author>
<category>
<![CDATA[ 사회 일반 ]]>
</category>
<pubDate>Wed, 01 Apr 2020 15:22:42 +0900</pubDate>
</item>
<item>
<title>
<![CDATA[ [공식] JYJ 김재중 "코로나19 확진판정, 제 부주의"…소속사 "확인중"(전문) ]]>
</title>
<link>
https://news.chosun.com/site/data/html_dir/2020/04/01/2020040104510.html
</link>
<description>
<![CDATA[
<table border=0 cellspacing=3 cellpadding=0 width=100%><tr><td><img src="https://image.chosun.com/sitedata/thumbnail/202004/01/2020040104501_0_thumb.jpg" border=0></td></tr></table> [스포츠조선 백지은 기자] JYJ 김재중이 코로나19 확진 판정을 받았다.김재중은 1일 자신의 SNS에 "코로나19 바이러스에 감염됐다"고 밝혔다. 그는 "정부로부터, 주변으로부터 주의 받은 모든 것들을 무시한 채 생활한 나의 부주의 때문"이라며 "개인의 행동이 사회 전체에 끼치는 영향이 얼마나 큰 지 나로 인해 또 감염됐을 분들에게 미안한 마음뿐"이라고 털어놨다.또 "'나는 아니겠지'라는 마음으로 지내왔던 바보 같은 판단이 지금의 나를 만들어 버렸다. 현재 한 병원에서 입원해있다. 많은 과거를 회상하며 감사함과 미안함이 맴돈다"고...
]]>
</description>
<dc:date>2020-04-01T15:20:34+09:00</dc:date>
<author>
<![CDATA[ 스포츠조선=백지은 기자( silk781220@sportschosun.com ) ]]>
</author>
<category>
<![CDATA[ 연예 포토 ]]>
</category>
<pubDate>Wed, 01 Apr 2020 15:20:34 +0900</pubDate>
</item>
<item>
<title>
<![CDATA[ WKBL 선수단, 코로나19 극복을 위한 기부금 전달 ]]>
</title>
<link>
https://news.chosun.com/site/data/html_dir/2020/04/01/2020040104521.html
</link>
<description>
<![CDATA[
<table border=0 cellspacing=3 cellpadding=0 width=100%><tr><td><img src="https://image.chosun.com/sitedata/thumbnail/202004/01/2020040104512_0_thumb.jpg" border=0></td></tr></table> [스포츠조선 김가을 기자]코로나19 극복을 위해 WKBL(한국여자농구연맹) 선수들이 힘을 모았다.1일 오후 서울 마포구의 희망브리지 전국재해구호협회 희망브리지홀에서 WKBL을 대표하는 선수들이 참석해 코로나19 극복을 위한 기부금을 전달했다. 기부금은 총 8000만 원이다. 코로나19로 리그가 조기 종료됨에 따라 개최되지 못한 챔피언결정전 우승팀 상금 5000만 원과 준우승팀 상금 3000만 원을 더한 금액이다. 이는 WKBL 전체 선수들의 이름으로 기부했다.이날 전달식에는 박정은 WKBL 경기운영본부장을 비롯해 박혜진(아산 우리은...
]]>
</description>
<dc:date>2020-04-01T15:17:12+09:00</dc:date>
<author>
<![CDATA[ 스포츠조선=김가을 기자( epi17@sportschosun.com ) ]]>
</author>
<category>
<![CDATA[ 스포츠 포토 ]]>
</category>
<pubDate>Wed, 01 Apr 2020 15:17:12 +0900</pubDate>
</item>
<item>
<title>
<![CDATA[ 미세먼지 농도 작년보다 27% 감소...코로나 바이러스 영향? ]]>
</title>
<link>
https://news.chosun.com/site/data/html_dir/2020/04/01/2020040104384.html
</link>
<description>
<![CDATA[
<table border=0 cellspacing=3 cellpadding=0 width=100%><tr><td><img src="https://image.chosun.com/sitedata/thumbnail/202004/01/2020040104375_0_thumb.jpg" border=0></td></tr></table> 지난해 12월부터 올해 3월까지 ‘고농도 미세먼지 기간’ 동안 전국의 초미세먼지(PM2.5) 평균 농도가 전년 동기 대비 27% 낮아진 것으로 나타났다. 정부는 기상 영향, 코로나 바이러스 확산 등의 요인 외에 올해 처음 도입된 ‘미세먼지 계절관리제’의 효과가 큰 것으로 보인다고 1일 밝혔다. ‘미세먼지 계절관리제’는 고농도 미세먼지가 자주 발생하는 12월부터 이듬해 3월까지 대기오염물질 배출량을 상시 저감하는 정책이다. 환경부에 따르면 지난해 12월부터 올해 3월 전국의 초미세먼지 평균 농도는 1㎥당 24㎍으로 전년 동기(33...
]]>
</description>
<dc:date>2020-04-01T15:12:57+09:00</dc:date>
<author>
<![CDATA[ 김효인 기자( hyoink@chosun.com ) ]]>
</author>
<category>
<![CDATA[ 사회 일반 ]]>
</category>
<pubDate>Wed, 01 Apr 2020 15:12:57 +0900</pubDate>
</item>
<item>
<title>
<![CDATA[ 욱일기 반입 금지 물품 제외, 일본의 끝나지 않은 '올림픽 정치' ]]>
</title>
<link>
https://news.chosun.com/site/data/html_dir/2020/04/01/2020040104459.html
</link>
<description>
<![CDATA[
<table border=0 cellspacing=3 cellpadding=0 width=100%><tr><td><img src="https://image.chosun.com/sitedata/thumbnail/202004/01/2020040104450_0_thumb.jpg" border=0></td></tr></table> [스포츠조선 김가을 기자]지난 1940년. 일본은 삿포로와 도쿄에서 각각 동·하계올림픽을 치를 예정이었다. 하지만 1937년 중국에서 중·일전쟁을 일으킨 대가로 올림픽 개최권을 반납해야 했다. 1940년 열릴 예정이던 올림픽 역시 제2차 세계대전 속에 역사 속에서 잊혀졌다.그로부터 80년이 흐른 2020년. 일본은 또 한 번 올림픽 개최에 나선다. 코로나19 사태 속 1년 연기됐지만, 올림픽은 정상적으로 치른다는 계획이다. 다만, 80년 전과 비교해 달라지지 않은 것이 있다. 일본의 올림픽에는 여전히 정치가 흐른다는 사실이다.스포니...
]]>
</description>
<dc:date>2020-04-01T15:11:09+09:00</dc:date>
<author>
<![CDATA[ 스포츠조선=김가을 기자( epi17@sportschosun.com ) ]]>
</author>
<category>
<![CDATA[ 스포츠 포토 ]]>
</category>
<pubDate>Wed, 01 Apr 2020 15:11:09 +0900</pubDate>
</item>
<item>
<title>
<![CDATA[ '춤 허용 조례' 제정과정 청탁시도 혐의 4명 송치 ]]>
</title>
<link>
https://news.chosun.com/site/data/html_dir/2020/04/01/2020040103756.html
</link>
<description>
<![CDATA[
지난 해 36명의 사상자를 낸 클럽 붕괴사고의 근본 원인으로 지적됐던 ‘일반음식점 춤 허용 조례’(이하 ‘춤 허용 조례’) 제정 과정에서 부정한 청탁 시도가 있었던 것으로 드러났다. 광주지방경찰청 지능범죄수사대는 1일 ‘춤 허용 조례’ 제정 과정에서 공무원에 대한 청탁을 전제로 금품을 주고받은 혐의(변호사법·부정청탁금지법 위반)로 클럽 관계자 등 4명을 불구속기소 의견으로 검찰에 송치했다고 밝혔다. 이들은 지난 2016년 광주서구의회가 ‘춤 허용 조례’를 제정하는 과정에 부당하게 관여하려 한 혐의를 받고 있다고 경찰은...
]]>
</description>
<dc:date>2020-04-01T15:09:48+09:00</dc:date>
<author>
<![CDATA[ 김성현 기자( shkim@chosun.com ) ]]>
</author>
<category>
<![CDATA[ 호남 ]]>
</category>
<pubDate>Wed, 01 Apr 2020 15:09:48 +0900</pubDate>
</item>
<item>
<title>
<![CDATA[ [KPGA스타]돌아온 김대현, "실전감각 회복, 쇼트게임 보완..목표는 우승" ]]>
</title>
<link>
https://news.chosun.com/site/data/html_dir/2020/04/01/2020040104440.html
</link>
<description>
<![CDATA[
<table border=0 cellspacing=3 cellpadding=0 width=100%><tr><td><img src="https://image.chosun.com/sitedata/thumbnail/202004/01/2020040104431_0_thumb.jpg" border=0></td></tr></table> [스포츠조선 정현석 기자]돌아온 장타자 김대현(32·제노라인)이 올시즌 KPGA 코리안투어 우승을 정조준 하고 있다. 군 복무 후 2년째를 맞는 올시즌. 코로나19 여파로 개막이 미뤄지고 있지만 시즌 준비에 여념이 없다. 군 입대 전 우승의 기억을 되살리는 것이 목표. 작년에 충분히 워밍업을 한 만큼 자신감도 넘친다. 김대현은 최근 KPGA와의 공식 인터뷰에서 "우승을 할 때가 된 것 같기도 하다. 우승 경쟁이라는 치열하고 긴장되는 승부도 펼치고 싶다"며 "찬스가 찾아온다면 절대로 놓치지 않을 것이다. 시즌 시작 전까지 차근차근 완...
]]>
</description>
<dc:date>2020-04-01T15:09:13+09:00</dc:date>
<author>
<![CDATA[ 스포츠조선=정현석 기자( hschung@sportschosun.com ) ]]>
</author>
<category>
<![CDATA[ 스포츠 포토 ]]>
</category>
<pubDate>Wed, 01 Apr 2020 15:09:13 +0900</pubDate>
</item>
<item>
<title>
<![CDATA[ '비디오스타' 미스터트롯 특집 또 터졌다…최고시청률 3.24% ]]>
</title>
<link>
https://news.chosun.com/site/data/html_dir/2020/04/01/2020040104450.html
</link>
<description>
<![CDATA[
<table border=0 cellspacing=3 cellpadding=0 width=100%><tr><td><img src="https://image.chosun.com/sitedata/thumbnail/202004/01/2020040104441_0_thumb.jpg" border=0></td></tr></table> [스포츠조선 조윤선 기자] MBC에브리원 '비디오스타'가 '미스터트롯' 특집으로 높은 시청률과 뜨거운 화제성으로 온라인을 장악했다.지난 31일(화) 방송된 MBC에브리원 '비디오스타' 미스터트롯 특집은 전국 유료 가구 시청률 2.2%(닐슨 코리아 기준)의 시청률을 기록했다. 특히 50대 여성 시청률이 2.6%로 높은 수치를 기록했으며 전국 가구 최고 시청률은 3.24%를 기록, 자체 최고 시청률을 경신했다.이날 방송에는 영기, 류지광, 나태주, 노지훈, 신인선, 김수찬, 김경민이 출연해 '미스터트롯' 비하인드 스토리 등 다양한 이야...
]]>
</description>
<dc:date>2020-04-01T15:09:04+09:00</dc:date>
<author>
<![CDATA[ 스포츠조선=조윤선 기자( supremez@sportschosun.com ) ]]>
</author>
<category>
<![CDATA[ 연예 포토 ]]>
</category>
<pubDate>Wed, 01 Apr 2020 15:09:04 +0900</pubDate>
</item>
<item>
<title>
<![CDATA[ 영화계 실질적 부담 완화 위해 영화발전기금 부과금 한시 감면 추진 [공식] ]]>
</title>
<link>
https://news.chosun.com/site/data/html_dir/2020/04/01/2020040104444.html
</link>
<description>
<![CDATA[
<table border=0 cellspacing=3 cellpadding=0 width=100%><tr><td><img src="https://image.chosun.com/sitedata/thumbnail/202004/01/2020040104435_0_thumb.jpg" border=0></td></tr></table> [스포츠조선닷컴 김수현 기자] 부가 신종 코로나바이러스 감염증(코로나19) 사태로 큰 타격을 입은 영화계를 돕기 위해 연간 540억원 수준에 달하는 영화발전기금 부과금의 한시 감면을 추진한다.앞서 영화발전기금 부과금 납부를 연말까지 유예해주는 대책을 발표했으나, 이 정도로 불충분하다고 보고 한시 감면을 결정한 것.정부는 1일 이런 내용을 담은 '코로나19 관련 업종별 지원방안 Ⅲ'을 발표했다. 이번 대책은 영화업계가 '사회적 거리두기'와 감염병 위기 단계 격상 이후 관객과 매출이 급감하며 심각한 경영난에 직면한 상황을 고려했다.지난...
]]>
</description>
<dc:date>2020-04-01T15:09:01+09:00</dc:date>
<author>
<![CDATA[ 스포츠조선=김수현 기자( shyun@sportschosun.com ) ]]>
</author>
<category>
<![CDATA[ 연예 포토 ]]>
</category>
<pubDate>Wed, 01 Apr 2020 15:09:01 +0900</pubDate>
</item>
<item>
<title>
<![CDATA[ 野후보 '손편지' 토론 제안에 '수취 거절'로 대응한 與의원 ]]>
</title>
<link>
https://news.chosun.com/site/data/html_dir/2020/04/01/2020040104315.html
</link>
<description>
<![CDATA[
<table border=0 cellspacing=3 cellpadding=0 width=100%><tr><td><img src="https://image.chosun.com/sitedata/thumbnail/202004/01/2020040104307_0_thumb.jpg" border=0></td></tr></table> “등기 반송되셨습니다” 1일 오전 서울 도봉구 미래통합당 김재섭(서울 도봉갑) 후보 선거사무실로 우체국 등기 하나가 도착했다. 상대 후보인 민주당 인재근 의원 측에서 보낸 ‘반송 등기’였다. 서울 도봉갑에 출마하는 김 후보가 지난달 30일 이 지역 현역인 인 후보 측에 ‘끝장 토론을 제안한다’는 손 편지를 보냈는데, 이틀 만에 반송된 것이다. 김 후보는 지난 26일 유튜브를 통해 인 후보에게 “공개 끝장토론을 하자”고 제안했다. 창동 민자 역사가 10년 넘게 흉물스럽게 방치되는 등 지역 발전이 더딘 상황인데 현안을 함께 ...
]]>
</description>
<dc:date>2020-04-01T15:07:09+09:00</dc:date>
<author>
<![CDATA[ 주희연 기자( joo@chosun.com ) ]]>
</author>
<category>
<![CDATA[ 정치 ]]>
</category>
<pubDate>Wed, 01 Apr 2020 15:07:09 +0900</pubDate>
</item>
<item>
<title>
<![CDATA[ ‘불청’ 이의정 “신경 80%밖에 안 돌아와, 왼손 못써” ]]>
</title>
<link>
https://news.chosun.com/site/data/html_dir/2020/04/01/2020040104446.html
</link>
<description>
<![CDATA[
<table border=0 cellspacing=3 cellpadding=0 width=100%><tr><td><img src="https://image.chosun.com/sitedata/thumbnail/202004/01/2020040104437_0_thumb.jpg" border=0></td></tr></table> 2006년 뇌종양 진단을 받고 긴 투병기에 들어갔다 복귀한 이의정이 현재 건강 상태를 밝혔다. 지난달 31일 방송된 '불타는 청춘'(이하 '불청')에서 신효범과 이의정은 서로의 투병 시절을 털어 놓으며 공감하는 모습이 그려졌다.이날 이의정은 "(투병 시절) 스테로이드제 그것 때문에 혈관이 다 터져서 혈관 레이저를 15년을 했다"고 고백했다.이를 들은 신효범도 투병 사실을 털어왔다. 그는 "나도 10여 년 전에 급성폐렴 와서 스테로이드제 먹었다. 그때부터 아프기 시작했다"라고 말했다.이의정은 "당시 왼쪽 시신경이 다 마비됐었다. 한의...
]]>
</description>
<dc:date>2020-04-01T15:06:16+09:00</dc:date>
<author>
<![CDATA[ 스포츠조선=박아람 기자( ) ]]>
</author>
<category>
<![CDATA[ 연예 포토 ]]>
</category>
<pubDate>Wed, 01 Apr 2020 15:06:16 +0900</pubDate>
</item>
<item>
<title>
<![CDATA[ 안혜지 보유한 BNK, 박혜진 영입 아예 불가능은 아니다 ]]>
</title>
<link>
https://news.chosun.com/site/data/html_dir/2020/04/01/2020040104454.html
</link>
<description>
<![CDATA[
<table border=0 cellspacing=3 cellpadding=0 width=100%><tr><td><img src="https://image.chosun.com/sitedata/thumbnail/202004/01/2020040104445_0_thumb.jpg" border=0></td></tr></table> [스포츠조선 김 용 기자] 부산 BNK는 박혜진 영입이라는 염원을 이룰 수 있을까.여자프로농구 조기 종료로 인해 자유계약(FA) 시장이 1일 개막했다. 이번 FA 시장은 '박혜진' 이름 석 자에 모든 게 집중돼있다.박혜진은 여자프로농구 최고 선수다. 외곽에서의 득점력과 경기 리딩력은 누구도 따라올 수 없다. 혼자 경기 판도를, 팀 분위기를 바꿀 수 있는 초특급 카드다. 지난 31일 2019~2020 시즌 MVP로도 뽑혔다. 개인 통산 5번째 MVP 수상이다. 그 박혜진이 시장에 나왔다. 여자프로농구연맹(WKBL)의 그 전 규정에 따...
]]>
</description>
<dc:date>2020-04-01T15:05:02+09:00</dc:date>
<author>
<![CDATA[ 스포츠조선=김용 기자( awesome@sportschosun.com ) ]]>
</author>
<category>
<![CDATA[ 스포츠 포토 ]]>
</category>
<pubDate>Wed, 01 Apr 2020 15:05:02 +0900</pubDate>
</item>
<item>
<title>
<![CDATA[ "진주 지역사회 감염 심히 우려"...스파시설 확진 7명 추가 ]]>
</title>
<link>
https://news.chosun.com/site/data/html_dir/2020/04/01/2020040104097.html
</link>
<description>
<![CDATA[
<table border=0 cellspacing=3 cellpadding=0 width=100%><tr><td><img src="https://image.chosun.com/sitedata/thumbnail/202004/01/2020040104089_0_thumb.jpg" border=0></td></tr></table> 경남 진주에서 코로나 감염증 집단감염이 심각히 우려된다. 스파(SPA) 시설 등을 매개로 7명의 신규 확진자가 발생했다. 해외 입국자에 이어 소규모 집단시설의 감염에 비상이 걸렸다. 1일 김경수 경남도지사의 코로나 브리핑에 따르면 진주 충무공동 혁신도시 내 아파트형 공장과 상가가 밀집돼 있는 윙스타워(지식산업센터 등 입주) 내 스파시설과 진주시 명석면 스파시설을 매개로 한 코로나 확진자가 7명 추가로 발생했다. 윙스타워 스파시설은 경남 97번(여·60) 확진자가 지난 3월22일 이용했고, 98번(61) 확진자는 직장이 윙...
]]>
</description>
<dc:date>2020-04-01T15:03:11+09:00</dc:date>
<author>
<![CDATA[ 김준호 기자( horang2@chosun.com ) ]]>
</author>
<category>
<![CDATA[ 영남 ]]>
</category>
<pubDate>Wed, 01 Apr 2020 15:03:11 +0900</pubDate>
</item>
<item>
<title>
<![CDATA[ [4·15 핫플] 박지원 “김원이는 박원순의 남자, 호남 대통령 나와야" ]]>
</title>
<link>
https://news.chosun.com/site/data/html_dir/2020/04/01/2020040104216.html
</link>
<description>
<![CDATA[
<table border=0 cellspacing=3 cellpadding=0 width=100%><tr><td><img src="https://image.chosun.com/sitedata/thumbnail/202004/01/2020040104208_0_thumb.jpg" border=0></td></tr></table> “호남의 70％는 문재인 대통령, 조국은 살려야 하고, 윤석열 검찰총장은 물러나야 한다고 말합니다. 그래서 저한테 왜 윤석열을 비난하지 않느냐고 말하는 분들도 있습니다. 현재 민생당으로 족보도 못 내밀고 상황이에요. 그럼에도 박지원을 믿어주는 목포 시민들이 많다는 점을 믿고 열심히 뛰고 있습니다.” 전남 정치 1번지로 통하는 목포시에 출마한 박지원(78) 민생당 후보는 29일 최근 총선 상황에 대해 이렇게 말했다. 그는 “호남에선 민주당 바람이 강하지만, 목포 경제만큼은 경험이 풍부한 내가 살릴 수 있다고 생각한다”고 말했다...
]]>
</description>
<dc:date>2020-04-01T14:59:46+09:00</dc:date>
<author>
<![CDATA[ 목포=주형식 기자( seek@chosun.com ) ]]>
</author>
<category>
<![CDATA[ 국회 ]]>
</category>
<pubDate>Wed, 01 Apr 2020 14:59:46 +0900</pubDate>
</item>
</channel>
</rss>