<?xml version="1.0" encoding="UTF-8"?>
<beans xmlns="http://www.springframework.org/schema/beans"
	xmlns:xsi="http://www.w3.org/2001/XMLSchema-instance"
	xsi:schemaLocation="http://www.springframework.org/schema/beans https://www.springframework.org/schema/beans/spring-beans.xsd">
	
	<!-- 싱글톤 객체 생성만 담당하는 factory역할 -->
	<!-- factory기법 -->
	<!-- 해당 context에서 factory역할 하는 파일 : root-context파일 -->
	<!-- Root Context: defines shared resources visible to all other web components -->
	<!-- <bean id="member" class="com.mega.mvc05.MemberDAO"></bean> --> <!-- @Component를 MemberDAO에 써줄 경우 안써줘도 되는 부분-->
	
	<bean id="c1" class="com.mega.mvc05.AppleCar">
		<constructor-arg ref="kcc"></constructor-arg> <!-- 생성자를 실행, 불러옴 -->
	</bean>
	
	<bean id="c2" class="com.mega.mvc05.BananaCar">
		<constructor-arg ref="lg"></constructor-arg>
	</bean>
	
	<!-- 싱글톤 객체 만들어주세요 -->
	<bean id="lg" class="com.mega.mvc05.LGWindow"></bean> <!-- 생성자의 파라메터 정보 -->
	<bean id="kcc" class="com.mega.mvc05.KCCWindow"></bean>
		
</beans>
