<?xml version="1.0" encoding="UTF-8" ?>
<!DOCTYPE mapper PUBLIC "-//mybatis.org//DTD Mapper 3.0//EN"
  "http://mybatis.org/dtd/mybatis-3-mapper.dtd">

<mapper namespace="product">
	<select id="all" resultMap="rm1">
		select * from "PRODUCT"
	</select>

	<select id="one" parameterType="productDTO" resultMap="rm1">
		select * from "PRODUCT" where product_no = #{product_no}
	</select>
	
	<!-- record의 항목명과 dto의 멤버변수가 다른 경우  -->
	<!-- orm -->
	<resultMap type="productDTO" id="rm1">
		<result property="product_img1" column="PRODUCT_IMG1"/>
		<result property="product_img2" column="PRODUCT_IMG2"/>
		<result property="product_img3" column="PRODUCT_IMG3"/>
		<result property="product_no" column="PRODUCT_NO"/>
		<result property="price" column="PRICE"/>
		<result property="discount" column="DISCOUNT"/>
		<result property="title" column="TITLE"/>
		<result property="content" column="CONTENT"/>
	</resultMap>
</mapper>
