[{"name":"Hector Mersh","age":25,"company":"Yata","tel":"128-234-9020"},
{"name":"Doug Farquharson","age":21,"company":"Thoughtmix","tel":"222-421-2023"},
{"name":"Rockwell Marcone","age":30,"company":"Avavee","tel":"581-454-2512"},
{"name":"Milena Hakes","age":76,"company":"Omba","tel":"879-336-1144"},
{"name":"Sheree Devanny","age":69,"company":"Twinte","tel":"982-775-1180"},
{"name":"Joseph Huitson","age":65,"company":"Riffwire","tel":"637-919-6407"},
{"name":"Farrand Fautley","age":8,"company":"Livefish","tel":"705-479-0407"},
{"name":"Jule Passman","age":79,"company":"Realcube","tel":"372-483-3958"},
{"name":"Andree Coger","age":31,"company":"Livepath","tel":"778-681-9611"},
{"name":"Cullie Marians","age":38,"company":"Vidoo","tel":"575-977-1654"},
{"name":"Garik Drohan","age":25,"company":"Quinu","tel":"207-392-0093"},
{"name":"Arty Drable","age":77,"company":"Ntag","tel":"867-788-8522"},
{"name":"Shelly Curteis","age":55,"company":"Brainbox","tel":"707-176-3911"},
{"name":"Meridith Dunkerly","age":55,"company":"Zava","tel":"918-166-2026"},
{"name":"Marti Josskoviz","age":43,"company":"Demivee","tel":"502-839-5027"},
{"name":"Monica Corn","age":18,"company":"Centizu","tel":"738-217-7866"},
{"name":"Fiona Hayes","age":10,"company":"Quatz","tel":"743-153-0759"},
{"name":"Yancey Heugel","age":32,"company":"Gabspot","tel":"931-128-7075"},
{"name":"Max Plitz","age":30,"company":"Ooba","tel":"294-890-6503"},
{"name":"Rosamund Dugan","age":7,"company":"Dazzlesphere","tel":"905-978-9854"},
{"name":"Jeremiah Smallthwaite","age":6,"company":"Browsetype","tel":"290-250-5397"},
{"name":"Adel MacLise","age":18,"company":"Skipfire","tel":"708-338-8310"},
{"name":"Hersch Garrelts","age":54,"company":"Feedspan","tel":"202-926-1491"},
{"name":"Amery Penhallurick","age":81,"company":"Bubbletube","tel":"949-169-5613"},
{"name":"Eli Blezard","age":7,"company":"Jaloo","tel":"258-818-2291"},
{"name":"Kendricks Palk","age":88,"company":"Kamba","tel":"225-477-5198"},
{"name":"Yettie Secrett","age":81,"company":"Yamia","tel":"499-763-3133"},
{"name":"Rollins Delaprelle","age":93,"company":"Jetwire","tel":"149-751-0559"},
{"name":"Stoddard Pelzer","age":70,"company":"Zazio","tel":"754-759-8909"},
{"name":"Olia Diaper","age":12,"company":"Plajo","tel":"813-552-4901"},
{"name":"Rurik Macrow","age":28,"company":"Gabvine","tel":"103-458-7580"},
{"name":"Ludwig Embling","age":72,"company":"Devpulse","tel":"860-412-8185"},
{"name":"Zarla Feldberger","age":31,"company":"Katz","tel":"797-746-6694"},
{"name":"Agnola Sandlin","age":16,"company":"Zava","tel":"537-698-2970"},
{"name":"Celinda Gerrelt","age":75,"company":"Flashspan","tel":"296-816-2581"},
{"name":"Barbee Crab","age":60,"company":"Voomm","tel":"777-861-6313"},
{"name":"Stafani Tester","age":21,"company":"Mita","tel":"444-892-0662"},
{"name":"Asher Probin","age":23,"company":"Eadel","tel":"381-763-5095"},
{"name":"Cyrus Wildman","age":22,"company":"Skipstorm","tel":"310-228-1475"},
{"name":"Daniel Simoneton","age":11,"company":"Kwilith","tel":"252-866-7389"},
{"name":"Delphine Dalgetty","age":95,"company":"Photospace","tel":"574-298-4861"},
{"name":"Dallis Bengefield","age":18,"company":"DabZ","tel":"890-675-6947"},
{"name":"Josee Tipple","age":22,"company":"Chatterpoint","tel":"742-170-7778"},
{"name":"Garth Winstone","age":91,"company":"Tambee","tel":"259-881-5885"},
{"name":"Dalis Creany","age":55,"company":"Oyoba","tel":"970-133-1330"},
{"name":"Kimble Torrent","age":9,"company":"Agivu","tel":"418-641-7225"},
{"name":"Lilias Horsburgh","age":67,"company":"Thoughtblab","tel":"536-315-0375"},
{"name":"Bonnie Spurritt","age":85,"company":"Oloo","tel":"711-214-8862"},
{"name":"Winny Cerman","age":39,"company":"Jabberstorm","tel":"788-108-9320"},
{"name":"Dorita Revie","age":48,"company":"Skiptube","tel":"181-714-1107"},
{"name":"Barclay Linzey","age":67,"company":"Yombu","tel":"284-669-0602"},
{"name":"Urbain Rowsell","age":73,"company":"Bluezoom","tel":"321-524-0350"},
{"name":"Vina Cursons","age":68,"company":"Skiptube","tel":"423-950-2033"},
{"name":"Bailey Fitchet","age":74,"company":"Agivu","tel":"844-208-2802"},
{"name":"Martyn Scoterbosh","age":37,"company":"Geba","tel":"372-458-9779"},
{"name":"Alexandr Easterby","age":53,"company":"Oyoloo","tel":"221-754-1237"},
{"name":"Aurore Sabate","age":41,"company":"Midel","tel":"518-337-1274"},
{"name":"Xenia Byng","age":84,"company":"Oyope","tel":"450-537-4303"},
{"name":"Brunhilde Simeoni","age":29,"company":"Mybuzz","tel":"410-137-4971"},
{"name":"Anallese Scouler","age":51,"company":"Oodoo","tel":"513-666-9155"},
{"name":"Artemis Woollam","age":27,"company":"Muxo","tel":"436-113-7022"},
{"name":"Carolin Oliff","age":23,"company":"Ainyx","tel":"615-111-8309"},
{"name":"Kent Lynd","age":32,"company":"Edgeify","tel":"712-700-6827"},
{"name":"Hamlin Teodori","age":46,"company":"Quimm","tel":"581-370-3740"},
{"name":"Elianora Franseco","age":65,"company":"Twitternation","tel":"706-686-9464"},
{"name":"Kimmie Giffin","age":88,"company":"Skyble","tel":"524-893-8284"},
{"name":"Clemente Stukings","age":43,"company":"Kayveo","tel":"172-585-5912"},
{"name":"Ludwig O'Garmen","age":20,"company":"Voonix","tel":"384-895-3506"},
{"name":"Kaye Melland","age":4,"company":"Yabox","tel":"184-836-5086"},
{"name":"Becky Garett","age":96,"company":"Tazzy","tel":"763-331-2560"},
{"name":"Colet Nicolson","age":14,"company":"Voonte","tel":"276-348-0129"},
{"name":"Suzanne Hearns","age":83,"company":"Realblab","tel":"735-735-9485"},
{"name":"Donnie Nardrup","age":96,"company":"Youbridge","tel":"634-938-7592"},
{"name":"Chen Upstell","age":73,"company":"Wikivu","tel":"471-619-2539"},
{"name":"Daron Kimbell","age":11,"company":"Zoomcast","tel":"199-322-5554"},
{"name":"Emeline Lakeland","age":71,"company":"Reallinks","tel":"118-354-2381"},
{"name":"Elysee Abele","age":62,"company":"Shuffledrive","tel":"320-749-8530"},
{"name":"Morty O'Currane","age":70,"company":"Camido","tel":"751-446-7711"},
{"name":"Lorry Tales","age":22,"company":"Zoonoodle","tel":"902-993-9431"},
{"name":"Chic Lesaunier","age":85,"company":"Photobean","tel":"670-231-0021"},
{"name":"Ramsey Mulholland","age":39,"company":"Aimbo","tel":"802-677-1246"},
{"name":"Ilyssa Gilby","age":20,"company":"Yombu","tel":"264-119-2637"},
{"name":"Gayelord Franckton","age":39,"company":"Oyoloo","tel":"677-844-1578"},
{"name":"Micheal Spikeings","age":73,"company":"Mydeo","tel":"396-701-8601"},
{"name":"Gilda Dobney","age":53,"company":"Voomm","tel":"501-630-6698"},
{"name":"Lalo Jepp","age":45,"company":"Jamia","tel":"352-390-4420"},
{"name":"Kerry Howood","age":35,"company":"Yambee","tel":"614-802-3467"},
{"name":"Gerhardt Galia","age":30,"company":"Quimm","tel":"203-459-3813"},
{"name":"Jamesy Dennidge","age":3,"company":"Avaveo","tel":"671-658-1530"},
{"name":"Melesa Ben","age":26,"company":"Yodoo","tel":"332-589-6369"},
{"name":"Christy Harmar","age":45,"company":"Rhybox","tel":"736-405-7740"},
{"name":"Arabela Derle","age":7,"company":"Jetwire","tel":"619-886-0178"},
{"name":"Cliff Ranner","age":2,"company":"Lazz","tel":"777-428-7089"},
{"name":"Araldo Dewitt","age":31,"company":"Babblestorm","tel":"732-307-1936"},
{"name":"Ophelia Espinola","age":82,"company":"Photobean","tel":"810-860-5029"},
{"name":"Ruprecht Cordey","age":8,"company":"Topiclounge","tel":"305-978-7515"},
{"name":"Reggis Ortiger","age":53,"company":"Twinder","tel":"384-376-6433"},
{"name":"Javier Sandcraft","age":45,"company":"Realpoint","tel":"219-762-7963"},
{"name":"Mano Dispencer","age":56,"company":"Mita","tel":"527-504-5852"},
{"name":"Creight Deas","age":20,"company":"Yacero","tel":"194-896-6304"}]